Feature,Importance
Close,0.05719707
BB_MID,0.057144675
EMA200,0.056960333
High,0.05510008
OBV,0.05462049
Low,0.05437188
EMA50,0.054228514
EMA_RATIO,0.052862104
VOLATILITY,0.052701235
ATR14,0.052105926
MACD_SIGNAL,0.05204896
Volume,0.052030306
MACD_HIST,0.051411305
BB_WIDTH,0.051349703
RSI14,0.05021602
MACD,0.049940936
STOCH_D,0.049079325
STOCH_K,0.048873212
Open,0.04775791
