Feature,Importance
Close,0.058075145
EMA200,0.057355285
Low,0.056661144
BB_MID,0.05644669
EMA50,0.055800483
ATR14,0.055006456
OBV,0.053980723
BB_WIDTH,0.05315955
Volume,0.0518839
MACD_SIGNAL,0.051836323
VOLATILITY,0.05172355
EMA_RATIO,0.051656578
High,0.05157764
RSI14,0.050717536
MACD_HIST,0.04984382
MACD,0.049669344
STOCH_K,0.048752114
STOCH_D,0.0486167
Open,0.047236957
