Feature,Importance
EMA200,0.06356789
BB_MID,0.063302286
Low,0.06120787
EMA50,0.061111335
Close,0.060450386
OBV,0.057139494
ATR14,0.056943867
High,0.056305185
EMA_RATIO,0.054968506
BB_WIDTH,0.05389281
VOLATILITY,0.050159846
MACD_SIGNAL,0.049716573
MACD_HIST,0.047584176
Volume,0.045077424
MACD,0.044678546
Open,0.043930475
RSI14,0.043817826
STOCH_K,0.043302473
STOCH_D,0.042842884
