Feature,Importance
EMA200,0.05929336
Close,0.056753278
ATR14,0.056434456
Low,0.05618987
EMA50,0.05539094
OBV,0.054594997
VOLATILITY,0.053895224
BB_MID,0.052817002
BB_WIDTH,0.052451957
High,0.051870316
Volume,0.051650934
MACD_HIST,0.051089846
MACD_SIGNAL,0.05103021
STOCH_D,0.050940696
STOCH_K,0.050450232
EMA_RATIO,0.04985624
MACD,0.049369663
RSI14,0.049250476
Open,0.046670374
