Feature,Importance
BB_MID,0.059010006
Low,0.05870051
EMA200,0.054481745
Volume,0.053973306
OBV,0.0538344
High,0.053611547
Close,0.05341709
EMA50,0.05302229
ATR14,0.05225424
VOLATILITY,0.051930398
BB_WIDTH,0.051756013
MACD_SIGNAL,0.051739946
STOCH_D,0.051734254
RSI14,0.05146123
MACD_HIST,0.051138245
Open,0.049712952
EMA_RATIO,0.049535464
STOCH_K,0.049479928
MACD,0.049206402
